{
  "css/main.css": "css/main-4c29d32626.css",
  "css/vendor.css": "css/vendor-c6a49a811c.css",
  "fonts/Lato-Black.woff2": "fonts/Lato-Black-9ce7573963.woff2",
  "fonts/Lato-Bold.woff2": "fonts/Lato-Bold-f340afd435.woff2",
  "fonts/Lato-Regular.woff2": "fonts/Lato-Regular-d8b947261b.woff2",
  "img/abouts-1.avif": "img/abouts-1-1e9f6d66f9.avif",
  "img/abouts-1.jpg": "img/abouts-1-8bd47dc8b2.jpg",
  "img/abouts-1.webp": "img/abouts-1-50e5663ef9.webp",
  "img/background-medium.avif": "img/background-medium-52e81c5a38.avif",
  "img/background-medium.jpg": "img/background-medium-f8b9c84ba4.jpg",
  "img/background-medium.webp": "img/background-medium-e95eb50a0b.webp",
  "img/benefits-1.avif": "img/benefits-1-7a93fa6bbd.avif",
  "img/benefits-1.png": "img/benefits-1-8aff8c3fca.png",
  "img/benefits-1.webp": "img/benefits-1-c615fd8357.webp",
  "img/blog-1.avif": "img/blog-1-06248e4fa6.avif",
  "img/blog-1.png": "img/blog-1-4acb41f82b.png",
  "img/blog-1.webp": "img/blog-1-2e1fee26fb.webp",
  "img/blog-icon-1.avif": "img/blog-icon-1-da8f994b5d.avif",
  "img/blog-icon-1.png": "img/blog-icon-1-0fe188bee5.png",
  "img/blog-icon-1.webp": "img/blog-icon-1-c50d32fcd4.webp",
  "img/blog-icon-2.avif": "img/blog-icon-2-084fbf7021.avif",
  "img/blog-icon-2.png": "img/blog-icon-2-6ab382db3c.png",
  "img/blog-icon-2.webp": "img/blog-icon-2-fd190211a0.webp",
  "img/blog-icon-3.avif": "img/blog-icon-3-1c25620cf9.avif",
  "img/blog-icon-3.png": "img/blog-icon-3-9beb752fb1.png",
  "img/blog-icon-3.webp": "img/blog-icon-3-0982128af2.webp",
  "img/blog-widget-1.avif": "img/blog-widget-1-4949d54fb7.avif",
  "img/blog-widget-1.png": "img/blog-widget-1-8f8262be81.png",
  "img/blog-widget-1.webp": "img/blog-widget-1-ce8e756343.webp",
  "img/bottom.avif": "img/bottom-073894e83e.avif",
  "img/bottom.png": "img/bottom-8163951fc8.png",
  "img/bottom.webp": "img/bottom-788e0c8873.webp",
  "img/braces.avif": "img/braces-d775c6b193.avif",
  "img/braces.png": "img/braces-1e60dbf533.png",
  "img/braces.webp": "img/braces-c834333662.webp",
  "img/calendar.avif": "img/calendar-94da8da821.avif",
  "img/calendar.png": "img/calendar-65d6625de0.png",
  "img/calendar.webp": "img/calendar-f7041cea7b.webp",
  "img/certificate-logo-1.avif": "img/certificate-logo-1-947462fe66.avif",
  "img/certificate-logo-1.png": "img/certificate-logo-1-cbfc4a663e.png",
  "img/certificate-logo-1.webp": "img/certificate-logo-1-781cae71a5.webp",
  "img/certificate-logo-2.avif": "img/certificate-logo-2-f067bdb051.avif",
  "img/certificate-logo-2.png": "img/certificate-logo-2-baea6d437c.png",
  "img/certificate-logo-2.webp": "img/certificate-logo-2-c4b821501f.webp",
  "img/certificate-logo-3.avif": "img/certificate-logo-3-1662e30058.avif",
  "img/certificate-logo-3.png": "img/certificate-logo-3-1f6af35e1a.png",
  "img/certificate-logo-3.webp": "img/certificate-logo-3-89f3df0c4c.webp",
  "img/certificate.avif": "img/certificate-4e71872860.avif",
  "img/certificate.png": "img/certificate-37ed69eb0e.png",
  "img/certificate.webp": "img/certificate-7d95b5366f.webp",
  "img/chat-icon.svg": "img/chat-icon-5b8b19063b.svg",
  "img/check.avif": "img/check-718b411743.avif",
  "img/check.png": "img/check-b7bf497850.png",
  "img/check.webp": "img/check-955ba0dfc4.webp",
  "img/circles-2.avif": "img/circles-2-ec6c3937f7.avif",
  "img/circles-2.png": "img/circles-2-a18bcb3b18.png",
  "img/circles-2.webp": "img/circles-2-1fe7e93af2.webp",
  "img/circles-3.avif": "img/circles-3-b04056b888.avif",
  "img/circles-3.png": "img/circles-3-7e924fe2a0.png",
  "img/circles-3.webp": "img/circles-3-85ebda8a5a.webp",
  "img/circles-4.avif": "img/circles-4-5c8341016f.avif",
  "img/circles-4.png": "img/circles-4-839ee04528.png",
  "img/circles-4.webp": "img/circles-4-60a921bd4b.webp",
  "img/circles.avif": "img/circles-b493b9578f.avif",
  "img/circles.png": "img/circles-595f487bfa.png",
  "img/circles.webp": "img/circles-989e2362c3.webp",
  "img/clock.avif": "img/clock-21f5f0f5ee.avif",
  "img/clock.png": "img/clock-d87866acd6.png",
  "img/clock.webp": "img/clock-ab6f211bed.webp",
  "img/close.svg": "img/close-a60a4f5bad.svg",
  "img/convert.svg": "img/convert-50a44309a5.svg",
  "img/curator-1.avif": "img/curator-1-ff5f4c71a1.avif",
  "img/curator-1.png": "img/curator-1-20835f6052.png",
  "img/curator-1.webp": "img/curator-1-51eb65dcb4.webp",
  "img/curator-2.avif": "img/curator-2-363a469846.avif",
  "img/curator-2.png": "img/curator-2-68093dbb34.png",
  "img/curator-2.webp": "img/curator-2-948700fa86.webp",
  "img/dots-2.avif": "img/dots-2-5f891dea09.avif",
  "img/dots-2.png": "img/dots-2-5fcade28d4.png",
  "img/dots-2.webp": "img/dots-2-473a6ac22c.webp",
  "img/dots-3.avif": "img/dots-3-a6d3ea3918.avif",
  "img/dots-3.png": "img/dots-3-569e86c6ac.png",
  "img/dots-3.webp": "img/dots-3-c15fb3f1ff.webp",
  "img/dots.avif": "img/dots-9ef07b1d02.avif",
  "img/dots.png": "img/dots-60e26bc955.png",
  "img/dots.webp": "img/dots-7a6b1e3993.webp",
  "img/down.svg": "img/down-f77013ba49.svg",
  "img/drop-illustration.avif": "img/drop-illustration-0edaa2e86f.avif",
  "img/drop-illustration.png": "img/drop-illustration-2566ce2b86.png",
  "img/drop-illustration.webp": "img/drop-illustration-fa586cfae0.webp",
  "img/event-background.avif": "img/event-background-71637847fe.avif",
  "img/event-background.png": "img/event-background-8e6dccb1ae.png",
  "img/event-background.webp": "img/event-background-0f368d6239.webp",
  "img/featured-1.avif": "img/featured-1-bf6aacb121.avif",
  "img/featured-1.png": "img/featured-1-287fb4455a.png",
  "img/featured-1.webp": "img/featured-1-5fef279b32.webp",
  "img/featured-2.avif": "img/featured-2-85c7a4a4eb.avif",
  "img/featured-2.png": "img/featured-2-0a854b0ef1.png",
  "img/featured-2.webp": "img/featured-2-3f57a95795.webp",
  "img/featured-3.avif": "img/featured-3-556080d4a7.avif",
  "img/featured-3.png": "img/featured-3-f5e44e1a22.png",
  "img/featured-3.webp": "img/featured-3-c407a1dac4.webp",
  "img/featured-4.avif": "img/featured-4-34b31c5455.avif",
  "img/featured-4.png": "img/featured-4-7205f6b63e.png",
  "img/featured-4.webp": "img/featured-4-c746741051.webp",
  "img/featured-5.avif": "img/featured-5-21a8a41f71.avif",
  "img/featured-5.png": "img/featured-5-7fb6d20fde.png",
  "img/featured-5.webp": "img/featured-5-cfef7f0741.webp",
  "img/featured-6.avif": "img/featured-6-037ad27ed8.avif",
  "img/featured-6.png": "img/featured-6-8593832f59.png",
  "img/featured-6.webp": "img/featured-6-c407e7bbe3.webp",
  "img/files.svg": "img/files-bf106a2525.svg",
  "img/footer-logo.svg": "img/footer-logo-765530778f.svg",
  "img/get-illustration.avif": "img/get-illustration-1226ee704f.avif",
  "img/get-illustration.png": "img/get-illustration-681e85e490.png",
  "img/get-illustration.webp": "img/get-illustration-018704d0a8.webp",
  "img/how-1.avif": "img/how-1-b6dc622488.avif",
  "img/how-1.png": "img/how-1-3854caa9e9.png",
  "img/how-1.webp": "img/how-1-c4e21b8bb1.webp",
  "img/info-1.avif": "img/info-1-f8c013c478.avif",
  "img/info-1.jpg": "img/info-1-6d6a53cecd.jpg",
  "img/info-1.webp": "img/info-1-c611d4bc4e.webp",
  "img/info-background.avif": "img/info-background-970bf5baa3.avif",
  "img/info-background.png": "img/info-background-2e206865b4.png",
  "img/info-background.webp": "img/info-background-f3c758de60.webp",
  "img/intro-1.avif": "img/intro-1-c49557af13.avif",
  "img/intro-1.jpg": "img/intro-1-66d7021cce.jpg",
  "img/intro-1.webp": "img/intro-1-38d2ac39ab.webp",
  "img/intro-background.avif": "img/intro-background-92c41cba86.avif",
  "img/intro-background.jpg": "img/intro-background-74ad91d97c.jpg",
  "img/intro-background.webp": "img/intro-background-f31eee8192.webp",
  "img/intro-play.avif": "img/intro-play-2dbab56eb7.avif",
  "img/intro-play.png": "img/intro-play-b01abe71b4.png",
  "img/intro-play.webp": "img/intro-play-402680a37f.webp",
  "img/logo.svg": "img/logo-0a2cf9d7dd.svg",
  "img/mail.svg": "img/mail-64b99965d6.svg",
  "img/map.avif": "img/map-4237cced44.avif",
  "img/map.png": "img/map-f321896e28.png",
  "img/map.webp": "img/map-81f096f95f.webp",
  "img/mic.svg": "img/mic-9d748dad9e.svg",
  "img/miss-illustration.avif": "img/miss-illustration-5c924efe5f.avif",
  "img/miss-illustration.png": "img/miss-illustration-7778fa1b50.png",
  "img/miss-illustration.webp": "img/miss-illustration-7342464b07.webp",
  "img/next-white.svg": "img/next-white-ddc31fdf4d.svg",
  "img/next.svg": "img/next-36f3628a3f.svg",
  "img/online-1.avif": "img/online-1-414d73c5ad.avif",
  "img/online-1.png": "img/online-1-c4162a7404.png",
  "img/online-1.webp": "img/online-1-a93fdb2294.webp",
  "img/online-2.avif": "img/online-2-955a2f44e9.avif",
  "img/online-2.png": "img/online-2-8b61ab931c.png",
  "img/online-2.webp": "img/online-2-dedd9b13e1.webp",
  "img/online-3.avif": "img/online-3-51af074cc0.avif",
  "img/online-3.png": "img/online-3-2ec2bfcbfc.png",
  "img/online-3.webp": "img/online-3-343a86c476.webp",
  "img/online-4.avif": "img/online-4-756b99e002.avif",
  "img/online-4.png": "img/online-4-2455522274.png",
  "img/online-4.webp": "img/online-4-c7791dcbe0.webp",
  "img/online-5.avif": "img/online-5-48af46fd5c.avif",
  "img/online-5.png": "img/online-5-935d5a1605.png",
  "img/online-5.webp": "img/online-5-b19d781cd7.webp",
  "img/online-6.avif": "img/online-6-248eaf230f.avif",
  "img/online-6.png": "img/online-6-222cc9ec4e.png",
  "img/online-6.webp": "img/online-6-28fce3806c.webp",
  "img/online-7.avif": "img/online-7-dc1177e25f.avif",
  "img/online-7.png": "img/online-7-278dcb4d10.png",
  "img/online-7.webp": "img/online-7-449255a8a3.webp",
  "img/online-8.avif": "img/online-8-18647bafee.avif",
  "img/online-8.png": "img/online-8-1c985655e8.png",
  "img/online-8.webp": "img/online-8-d1cce0242a.webp",
  "img/online-9.avif": "img/online-9-74bfdc7202.avif",
  "img/online-9.png": "img/online-9-fb554c1cde.png",
  "img/online-9.webp": "img/online-9-5fc83ab674.webp",
  "img/online-background.avif": "img/online-background-dc3b60e439.avif",
  "img/online-background.png": "img/online-background-924039a7ee.png",
  "img/online-background.webp": "img/online-background-fe4f829bf5.webp",
  "img/open-sidebar.avif": "img/open-sidebar-2c5848913d.avif",
  "img/open-sidebar.png": "img/open-sidebar-b819636b8a.png",
  "img/open-sidebar.webp": "img/open-sidebar-5aa6bf3e82.webp",
  "img/pages-next.svg": "img/pages-next-36f3628a3f.svg",
  "img/people.avif": "img/people-3d4b78e63a.avif",
  "img/people.png": "img/people-a8ee81e189.png",
  "img/people.webp": "img/people-0beed30828.webp",
  "img/phone-icon.svg": "img/phone-icon-94446b8b50.svg",
  "img/phone.svg": "img/phone-b50770d1aa.svg",
  "img/pin-icon.svg": "img/pin-icon-3361240f17.svg",
  "img/pl.avif": "img/pl-db9dc0ec97.avif",
  "img/pl.png": "img/pl-93e279852d.png",
  "img/pl.webp": "img/pl-bb1cb9fb90.webp",
  "img/play-small.svg": "img/play-small-8b75d67bef.svg",
  "img/play.svg": "img/play-f06f7377bf.svg",
  "img/posts-1.avif": "img/posts-1-c094b7177e.avif",
  "img/posts-1.png": "img/posts-1-fd97f69da2.png",
  "img/posts-1.webp": "img/posts-1-703a41ef99.webp",
  "img/posts-2.avif": "img/posts-2-f6eecbca68.avif",
  "img/posts-2.png": "img/posts-2-81833ac194.png",
  "img/posts-2.webp": "img/posts-2-e20ad225f2.webp",
  "img/posts-3.avif": "img/posts-3-e200af4a65.avif",
  "img/posts-3.png": "img/posts-3-dbb733ba0e.png",
  "img/posts-3.webp": "img/posts-3-efd3b89d25.webp",
  "img/posts-4.avif": "img/posts-4-d39e026b9d.avif",
  "img/posts-4.png": "img/posts-4-65c43e2cb2.png",
  "img/posts-4.webp": "img/posts-4-8c4b54d75f.webp",
  "img/posts-5.avif": "img/posts-5-a170fa43b9.avif",
  "img/posts-5.png": "img/posts-5-3a0791dfd9.png",
  "img/posts-5.webp": "img/posts-5-c8b7eb8d23.webp",
  "img/posts-6.avif": "img/posts-6-019011224f.avif",
  "img/posts-6.png": "img/posts-6-035086f2bf.png",
  "img/posts-6.webp": "img/posts-6-96de69bb63.webp",
  "img/posts-7.avif": "img/posts-7-9966404d51.avif",
  "img/posts-7.png": "img/posts-7-d035c48a0a.png",
  "img/posts-7.webp": "img/posts-7-3bcbc5f150.webp",
  "img/posts-8.avif": "img/posts-8-9ae9aa9b5a.avif",
  "img/posts-8.png": "img/posts-8-45143b7f41.png",
  "img/posts-8.webp": "img/posts-8-6516bd18d2.webp",
  "img/prev-white.svg": "img/prev-white-a2ed5eea8f.svg",
  "img/prev.svg": "img/prev-c7aea2d794.svg",
  "img/profile.avif": "img/profile-d83c315249.avif",
  "img/profile.png": "img/profile-058149c2e4.png",
  "img/profile.webp": "img/profile-e1694c80c8.webp",
  "img/program-illustration.avif": "img/program-illustration-adecf60c15.avif",
  "img/program-illustration.png": "img/program-illustration-ee5a93f89c.png",
  "img/program-illustration.webp": "img/program-illustration-cfce2e1aef.webp",
  "img/register-background.avif": "img/register-background-b132841342.avif",
  "img/register-background.jpg": "img/register-background-602ff8a961.jpg",
  "img/register-background.webp": "img/register-background-beb616f2fc.webp",
  "img/register-illustration.avif": "img/register-illustration-e9af470df8.avif",
  "img/register-illustration.png": "img/register-illustration-d59caa9a56.png",
  "img/register-illustration.webp": "img/register-illustration-79c655c631.webp",
  "img/request-illustration.avif": "img/request-illustration-e03bf22853.avif",
  "img/request-illustration.png": "img/request-illustration-c8008b61c8.png",
  "img/request-illustration.webp": "img/request-illustration-076162842c.webp",
  "img/review-1.svg": "img/review-1-1f58b5f1c1.svg",
  "img/right.svg": "img/right-5f8bc9b03c.svg",
  "img/school-1.avif": "img/school-1-4167be33e9.avif",
  "img/school-1.png": "img/school-1-41f04d7e01.png",
  "img/school-1.webp": "img/school-1-55f40ea7d5.webp",
  "img/search.svg": "img/search-b64c145521.svg",
  "img/shapes-2.avif": "img/shapes-2-e9b4668034.avif",
  "img/shapes-2.png": "img/shapes-2-514912821d.png",
  "img/shapes-2.webp": "img/shapes-2-abe703751a.webp",
  "img/shapes-3.avif": "img/shapes-3-18acc94e90.avif",
  "img/shapes-3.png": "img/shapes-3-81d6d7dbf0.png",
  "img/shapes-3.webp": "img/shapes-3-aac256f8f5.webp",
  "img/shapes.avif": "img/shapes-c2187ba580.avif",
  "img/shapes.png": "img/shapes-08bcb6fdc3.png",
  "img/shapes.webp": "img/shapes-0b59142133.webp",
  "img/sprite.svg": "img/sprite-2d9b1aba22.svg",
  "img/star.avif": "img/star-5f8c119f74.avif",
  "img/star.png": "img/star-089d7b522d.png",
  "img/star.webp": "img/star-1e5ce169fa.webp",
  "img/start-background.avif": "img/start-background-1fc8766199.avif",
  "img/start-background.jpg": "img/start-background-513be7ae25.jpg",
  "img/start-background.webp": "img/start-background-cf24f478cd.webp",
  "img/steps-background.avif": "img/steps-background-0b7ecdf7de.avif",
  "img/steps-background.png": "img/steps-background-4728b62842.png",
  "img/steps-background.webp": "img/steps-background-89d02a1514.webp",
  "img/sub.avif": "img/sub-479924db7c.avif",
  "img/sub.png": "img/sub-4f9247e888.png",
  "img/sub.webp": "img/sub-85b1d37817.webp",
  "img/svg/be.svg": "img/svg/be-a76f0b6125.svg",
  "img/svg/chat.svg": "img/svg/chat-b4bd9cdfd6.svg",
  "img/svg/fb-gray.svg": "img/svg/fb-gray-448cfb497c.svg",
  "img/svg/fb.svg": "img/svg/fb-016f8d5007.svg",
  "img/svg/files.svg": "img/svg/files-2da4e45354.svg",
  "img/svg/gg.svg": "img/svg/gg-cfe1ebb976.svg",
  "img/svg/grid.svg": "img/svg/grid-703870188e.svg",
  "img/svg/in.svg": "img/svg/in-726fc9bd12.svg",
  "img/svg/inst.svg": "img/svg/inst-495f14d653.svg",
  "img/svg/layouts.svg": "img/svg/layouts-fb2ea09d4d.svg",
  "img/svg/like.svg": "img/svg/like-96bf66371b.svg",
  "img/svg/list.svg": "img/svg/list-259208bc5c.svg",
  "img/svg/mic.svg": "img/svg/mic-7add88fb69.svg",
  "img/svg/play.svg": "img/svg/play-7fc9b1c7eb.svg",
  "img/svg/star.svg": "img/svg/star-8e14e7cc82.svg",
  "img/svg/tg.svg": "img/svg/tg-bde44c3b71.svg",
  "img/svg/tw.svg": "img/svg/tw-78bd2c4393.svg",
  "img/svg/yt.svg": "img/svg/yt-f41db1aa50.svg",
  "img/teach-1.avif": "img/teach-1-39026dd487.avif",
  "img/teach-1.jpg": "img/teach-1-14fecfa525.jpg",
  "img/teach-1.webp": "img/teach-1-8ebff5dbac.webp",
  "img/teach-2.avif": "img/teach-2-8caa87a033.avif",
  "img/teach-2.jpg": "img/teach-2-0f95cc4b36.jpg",
  "img/teach-2.webp": "img/teach-2-f42af0ad2a.webp",
  "img/teach-3.avif": "img/teach-3-6bb842d60e.avif",
  "img/teach-3.jpg": "img/teach-3-9019e352fa.jpg",
  "img/teach-3.webp": "img/teach-3-2f946980e7.webp",
  "img/teach-4.avif": "img/teach-4-1dc960d223.avif",
  "img/teach-4.jpg": "img/teach-4-b6a0906b05.jpg",
  "img/teach-4.webp": "img/teach-4-2ce669b235.webp",
  "img/teach-5.avif": "img/teach-5-6e3a719f71.avif",
  "img/teach-5.jpg": "img/teach-5-39d8ae8d02.jpg",
  "img/teach-5.webp": "img/teach-5-8b3a42ebb5.webp",
  "img/team-1.avif": "img/team-1-fe1ec49203.avif",
  "img/team-1.png": "img/team-1-6841c9d56c.png",
  "img/team-1.webp": "img/team-1-5933403c8d.webp",
  "img/team-2.avif": "img/team-2-75ad3abf72.avif",
  "img/team-2.png": "img/team-2-2eb391ee88.png",
  "img/team-2.webp": "img/team-2-1b6a95676e.webp",
  "img/team-3.avif": "img/team-3-10c6507362.avif",
  "img/team-3.png": "img/team-3-89d355c4a6.png",
  "img/team-3.webp": "img/team-3-0e8914e8e0.webp",
  "img/team-4.avif": "img/team-4-e74fd9a51a.avif",
  "img/team-4.png": "img/team-4-a1aa75fa2e.png",
  "img/team-4.webp": "img/team-4-b0c9673967.webp",
  "img/team-5.avif": "img/team-5-8bf36749bf.avif",
  "img/team-5.png": "img/team-5-ede802d4dd.png",
  "img/team-5.webp": "img/team-5-4dfdb49de0.webp",
  "img/team-6.avif": "img/team-6-c01bd41779.avif",
  "img/team-6.png": "img/team-6-9e441fa0d8.png",
  "img/team-6.webp": "img/team-6-2500d679fb.webp",
  "img/team-7.avif": "img/team-7-ef737409a1.avif",
  "img/team-7.png": "img/team-7-93045a7f89.png",
  "img/team-7.webp": "img/team-7-3380c4985a.webp",
  "img/team-8.avif": "img/team-8-81bbcfe9d6.avif",
  "img/team-8.png": "img/team-8-95ff2eada1.png",
  "img/team-8.webp": "img/team-8-b1880d8a87.webp",
  "img/team-background.avif": "img/team-background-98150ad9c2.avif",
  "img/team-background.jpg": "img/team-background-b99f02524b.jpg",
  "img/team-background.webp": "img/team-background-8ff7dd39d2.webp",
  "img/values-1.avif": "img/values-1-523491e17b.avif",
  "img/values-1.png": "img/values-1-07314443a3.png",
  "img/values-1.webp": "img/values-1-32629e72c2.webp",
  "img/values-2.avif": "img/values-2-3b71d90b48.avif",
  "img/values-2.png": "img/values-2-dec2bba4b9.png",
  "img/values-2.webp": "img/values-2-24104553d0.webp",
  "img/values-3.avif": "img/values-3-9a692c5b37.avif",
  "img/values-3.png": "img/values-3-496d0f41f8.png",
  "img/values-3.webp": "img/values-3-1a9c6f12f6.webp",
  "img/values-4.avif": "img/values-4-26796da216.avif",
  "img/values-4.png": "img/values-4-89662fc6e7.png",
  "img/values-4.webp": "img/values-4-98432d978e.webp",
  "img/work-1.avif": "img/work-1-29e0804bc3.avif",
  "img/work-1.png": "img/work-1-2e9255dabe.png",
  "img/work-1.webp": "img/work-1-0c6f999ff9.webp",
  "img/work-10.avif": "img/work-10-adf7ebb214.avif",
  "img/work-10.png": "img/work-10-7d100f7ce5.png",
  "img/work-10.webp": "img/work-10-33fdf11b7b.webp",
  "img/work-11.avif": "img/work-11-e3d2393f04.avif",
  "img/work-11.png": "img/work-11-71a9c1bd94.png",
  "img/work-11.webp": "img/work-11-d44175d46c.webp",
  "img/work-12.avif": "img/work-12-8de8eee610.avif",
  "img/work-12.png": "img/work-12-5b4f8796e8.png",
  "img/work-12.webp": "img/work-12-75d24ba9cf.webp",
  "img/work-2.avif": "img/work-2-75c9a14ae2.avif",
  "img/work-2.png": "img/work-2-514ab9e08e.png",
  "img/work-2.webp": "img/work-2-d9fc5abbcb.webp",
  "img/work-3.avif": "img/work-3-e402366b99.avif",
  "img/work-3.png": "img/work-3-a3a92d202b.png",
  "img/work-3.webp": "img/work-3-19a659052a.webp",
  "img/work-4.avif": "img/work-4-62b9192e59.avif",
  "img/work-4.png": "img/work-4-995b9fed11.png",
  "img/work-4.webp": "img/work-4-13e2d1893c.webp",
  "img/work-5.avif": "img/work-5-1d1aab3ea6.avif",
  "img/work-5.png": "img/work-5-1d81029b85.png",
  "img/work-5.webp": "img/work-5-b276f3112f.webp",
  "img/work-6.avif": "img/work-6-a696fec75b.avif",
  "img/work-6.png": "img/work-6-adbe8605e8.png",
  "img/work-6.webp": "img/work-6-030c8784fc.webp",
  "img/work-7.avif": "img/work-7-9e0fd010b7.avif",
  "img/work-7.png": "img/work-7-aa35bba140.png",
  "img/work-7.webp": "img/work-7-91f9049c4a.webp",
  "img/work-8.avif": "img/work-8-4363218b08.avif",
  "img/work-8.png": "img/work-8-6b1466ca85.png",
  "img/work-8.webp": "img/work-8-ef18df80db.webp",
  "img/work-9.avif": "img/work-9-dba959c8a7.avif",
  "img/work-9.png": "img/work-9-21927a5bef.png",
  "img/work-9.webp": "img/work-9-87158b672d.webp",
  "js/main.js": "js/main-02c1086a6a.js"
}